iter	trend_lb	er_window	er_threshold	vol_lb	rebalance	dev_sharpe	dev_ann_return	dev_max_dd	dev_turnover	status
0	42	21	0.0	21	W-FRI	0.5509	0.0362	-0.0973	0.0844	keep
1	42	21	0.0	21	ME	0.1849	0.0101	-0.1863	0.0411	discard
2	42	21	0.0	42	W-FRI	0.5004	0.0316	-0.1148	0.0769	discard
3	42	21	0.0	42	ME	0.1702	0.0089	-0.1816	0.0376	discard
4	42	21	0.0	63	W-FRI	0.4842	0.0306	-0.1183	0.0743	discard
5	42	21	0.0	63	ME	0.1951	0.0106	-0.1783	0.0364	discard
6	42	21	0.2	21	W-FRI	0.1687	0.011	-0.2545	0.2261	discard
7	42	21	0.2	21	ME	-0.0192	-0.0068	-0.2998	0.0775	discard
8	42	21	0.2	42	W-FRI	0.1439	0.0086	-0.2622	0.2251	discard
9	42	21	0.2	42	ME	-0.0163	-0.0066	-0.3046	0.0773	discard
10	42	21	0.2	63	W-FRI	0.1367	0.0079	-0.2543	0.2234	discard
11	42	21	0.2	63	ME	0.0128	-0.0038	-0.3058	0.0765	discard
12	42	21	0.3	21	W-FRI	0.4269	0.0382	-0.1979	0.2073	discard
13	42	21	0.3	21	ME	-0.0157	-0.0072	-0.3337	0.0782	discard
14	42	21	0.3	42	W-FRI	0.3836	0.0335	-0.1989	0.2066	discard
15	42	21	0.3	42	ME	-0.0093	-0.0067	-0.3265	0.0783	discard
16	42	21	0.3	63	W-FRI	0.3988	0.0351	-0.197	0.2038	discard
17	42	21	0.3	63	ME	0.0212	-0.0036	-0.3189	0.0775	discard
18	42	21	0.4	21	W-FRI	-0.0832	-0.0157	-0.3262	0.1535	discard
19	42	21	0.4	21	ME	-0.0199	-0.0079	-0.359	0.0574	discard
20	42	21	0.4	42	W-FRI	-0.1082	-0.0184	-0.3334	0.1536	discard
21	42	21	0.4	42	ME	-0.035	-0.0093	-0.358	0.0573	discard
22	42	21	0.4	63	W-FRI	-0.1004	-0.0175	-0.3361	0.152	discard
23	42	21	0.4	63	ME	-0.0345	-0.0093	-0.3586	0.0565	discard
24	42	42	0.0	21	W-FRI	0.5509	0.0362	-0.0973	0.0844	discard
25	42	42	0.0	21	ME	0.1849	0.0101	-0.1863	0.0411	discard
26	42	42	0.0	42	W-FRI	0.5004	0.0316	-0.1148	0.0769	discard
27	42	42	0.0	42	ME	0.1702	0.0089	-0.1816	0.0376	discard
28	42	42	0.0	63	W-FRI	0.4842	0.0306	-0.1183	0.0743	discard
29	42	42	0.0	63	ME	0.1951	0.0106	-0.1783	0.0364	discard
30	42	42	0.2	21	W-FRI	0.13	0.0073	-0.3584	0.1632	discard
31	42	42	0.2	21	ME	0.0594	-0.0003	-0.2866	0.064	discard
32	42	42	0.2	42	W-FRI	0.1131	0.0054	-0.3539	0.1609	discard
33	42	42	0.2	42	ME	0.0332	-0.003	-0.2991	0.0636	discard
34	42	42	0.2	63	W-FRI	0.1135	0.0054	-0.3372	0.1597	discard
35	42	42	0.2	63	ME	0.0848	0.0025	-0.2904	0.0625	discard
36	42	42	0.3	21	W-FRI	0.5392	0.0528	-0.2199	0.1147	discard
37	42	42	0.3	21	ME	0.7131	0.0648	-0.2688	0.0412	keep
38	42	42	0.3	42	W-FRI	0.5213	0.0506	-0.2213	0.1132	discard
39	42	42	0.3	42	ME	0.6952	0.063	-0.271	0.041	discard
40	42	42	0.3	63	W-FRI	0.5305	0.0517	-0.2167	0.1129	discard
41	42	42	0.3	63	ME	0.7019	0.0636	-0.2742	0.0409	discard
42	42	42	0.4	21	W-FRI	0.3923	0.0321	-0.2685	0.0496	discard
43	42	42	0.4	21	ME	0.3004	0.0243	-0.2953	0.0168	discard
44	42	42	0.4	42	W-FRI	0.3618	0.0292	-0.2688	0.0495	discard
45	42	42	0.4	42	ME	0.2966	0.0239	-0.2953	0.0169	discard
46	42	42	0.4	63	W-FRI	0.3617	0.0292	-0.2691	0.0494	discard
47	42	42	0.4	63	ME	0.2972	0.024	-0.2953	0.0168	discard
48	42	63	0.0	21	W-FRI	0.5509	0.0362	-0.0973	0.0844	discard
49	42	63	0.0	21	ME	0.1849	0.0101	-0.1863	0.0411	discard
50	42	63	0.0	42	W-FRI	0.5004	0.0316	-0.1148	0.0769	discard
51	42	63	0.0	42	ME	0.1702	0.0089	-0.1816	0.0376	discard
52	42	63	0.0	63	W-FRI	0.4842	0.0306	-0.1183	0.0743	discard
53	42	63	0.0	63	ME	0.1951	0.0106	-0.1783	0.0364	discard
54	42	63	0.2	21	W-FRI	0.3638	0.0321	-0.1738	0.127	discard
55	42	63	0.2	21	ME	0.0865	0.0026	-0.2871	0.0525	discard
56	42	63	0.2	42	W-FRI	0.3608	0.0317	-0.1767	0.1257	discard
57	42	63	0.2	42	ME	0.0911	0.0031	-0.2995	0.0521	discard
58	42	63	0.2	63	W-FRI	0.3647	0.0321	-0.1752	0.1245	discard
59	42	63	0.2	63	ME	0.0961	0.0037	-0.2896	0.0519	discard
60	42	63	0.3	21	W-FRI	0.2617	0.0194	-0.1924	0.0581	discard
61	42	63	0.3	21	ME	0.1853	0.0135	-0.2279	0.0246	discard
62	42	63	0.3	42	W-FRI	0.248	0.0182	-0.1984	0.0578	discard
63	42	63	0.3	42	ME	0.1818	0.0131	-0.2297	0.0246	discard
64	42	63	0.3	63	W-FRI	0.2532	0.0187	-0.1995	0.0575	discard
65	42	63	0.3	63	ME	0.2003	0.0152	-0.2307	0.0245	discard
66	42	63	0.4	21	W-FRI	-0.4784	-0.0386	-0.4554	0.0194	discard
67	42	63	0.4	21	ME	-0.3335	-0.0292	-0.435	0.008	discard
68	42	63	0.4	42	W-FRI	-0.4805	-0.0389	-0.4571	0.0194	discard
69	42	63	0.4	42	ME	-0.3335	-0.0292	-0.435	0.008	discard
70	42	63	0.4	63	W-FRI	-0.4812	-0.0389	-0.4572	0.0194	discard
71	42	63	0.4	63	ME	-0.3335	-0.0292	-0.435	0.008	discard
72	63	21	0.0	21	W-FRI	0.2625	0.0155	-0.2076	0.0706	discard
73	63	21	0.0	21	ME	0.4104	0.0253	-0.1274	0.0349	discard
74	63	21	0.0	42	W-FRI	0.2787	0.0162	-0.2025	0.0624	discard
75	63	21	0.0	42	ME	0.4149	0.0249	-0.1313	0.0314	discard
76	63	21	0.0	63	W-FRI	0.2706	0.0158	-0.2103	0.0596	discard
77	63	21	0.0	63	ME	0.4019	0.0242	-0.1419	0.0302	discard
78	63	21	0.2	21	W-FRI	0.2085	0.0146	-0.1846	0.2286	discard
79	63	21	0.2	21	ME	0.1963	0.0131	-0.2808	0.0753	discard
80	63	21	0.2	42	W-FRI	0.2058	0.0143	-0.1942	0.2266	discard
81	63	21	0.2	42	ME	0.1916	0.0127	-0.2855	0.075	discard
82	63	21	0.2	63	W-FRI	0.1987	0.0136	-0.194	0.2272	discard
83	63	21	0.2	63	ME	0.1889	0.0125	-0.2942	0.0752	discard
84	63	21	0.3	21	W-FRI	0.416	0.0369	-0.1852	0.2131	discard
85	63	21	0.3	21	ME	-0.0213	-0.0077	-0.3048	0.0779	discard
86	63	21	0.3	42	W-FRI	0.3879	0.0337	-0.1861	0.2119	discard
87	63	21	0.3	42	ME	-0.0246	-0.0081	-0.3081	0.0779	discard
88	63	21	0.3	63	W-FRI	0.3849	0.0335	-0.19	0.2115	discard
89	63	21	0.3	63	ME	-0.0353	-0.0091	-0.3153	0.0779	discard
90	63	21	0.4	21	W-FRI	-0.1409	-0.0217	-0.3131	0.1566	discard
91	63	21	0.4	21	ME	0.1508	0.0093	-0.2845	0.0569	discard
92	63	21	0.4	42	W-FRI	-0.1694	-0.0247	-0.3329	0.1568	discard
93	63	21	0.4	42	ME	0.1281	0.007	-0.2873	0.0568	discard
94	63	21	0.4	63	W-FRI	-0.1731	-0.0251	-0.3366	0.1566	discard
95	63	21	0.4	63	ME	0.1202	0.0063	-0.2892	0.0567	discard
96	63	42	0.0	21	W-FRI	0.2625	0.0155	-0.2076	0.0706	discard
97	63	42	0.0	21	ME	0.4104	0.0253	-0.1274	0.0349	discard
98	63	42	0.0	42	W-FRI	0.2787	0.0162	-0.2025	0.0624	discard
99	63	42	0.0	42	ME	0.4149	0.0249	-0.1313	0.0314	discard
100	63	42	0.0	63	W-FRI	0.2706	0.0158	-0.2103	0.0596	discard
101	63	42	0.0	63	ME	0.4019	0.0242	-0.1419	0.0302	discard
102	63	42	0.2	21	W-FRI	0.4041	0.0395	-0.2887	0.1649	discard
103	63	42	0.2	21	ME	0.1179	0.0061	-0.2395	0.0629	discard
104	63	42	0.2	42	W-FRI	0.3861	0.0372	-0.2903	0.1626	discard
105	63	42	0.2	42	ME	0.1079	0.005	-0.2377	0.0625	discard
106	63	42	0.2	63	W-FRI	0.3799	0.0364	-0.2904	0.162	discard
107	63	42	0.2	63	ME	0.1235	0.0067	-0.2349	0.062	discard
108	63	42	0.3	21	W-FRI	0.5425	0.0531	-0.2199	0.1148	discard
109	63	42	0.3	21	ME	0.7131	0.0648	-0.2688	0.0412	discard
110	63	42	0.3	42	W-FRI	0.5238	0.0509	-0.2213	0.1133	discard
111	63	42	0.3	42	ME	0.6952	0.063	-0.271	0.041	discard
112	63	42	0.3	63	W-FRI	0.5337	0.052	-0.2167	0.113	discard
113	63	42	0.3	63	ME	0.7019	0.0636	-0.2742	0.0409	discard
114	63	42	0.4	21	W-FRI	0.3923	0.0321	-0.2685	0.0496	discard
115	63	42	0.4	21	ME	0.3004	0.0243	-0.2953	0.0168	discard
116	63	42	0.4	42	W-FRI	0.3618	0.0292	-0.2688	0.0495	discard
117	63	42	0.4	42	ME	0.2966	0.0239	-0.2953	0.0169	discard
118	63	42	0.4	63	W-FRI	0.3617	0.0292	-0.2691	0.0494	discard
119	63	42	0.4	63	ME	0.2972	0.024	-0.2953	0.0168	discard
120	63	63	0.0	21	W-FRI	0.2625	0.0155	-0.2076	0.0706	discard
121	63	63	0.0	21	ME	0.4104	0.0253	-0.1274	0.0349	discard
122	63	63	0.0	42	W-FRI	0.2787	0.0162	-0.2025	0.0624	discard
123	63	63	0.0	42	ME	0.4149	0.0249	-0.1313	0.0314	discard
124	63	63	0.0	63	W-FRI	0.2706	0.0158	-0.2103	0.0596	discard
125	63	63	0.0	63	ME	0.4019	0.0242	-0.1419	0.0302	discard
126	63	63	0.2	21	W-FRI	0.3367	0.0292	-0.1748	0.1263	discard
127	63	63	0.2	21	ME	0.1003	0.0041	-0.286	0.0532	discard
128	63	63	0.2	42	W-FRI	0.3317	0.0286	-0.1776	0.125	discard
129	63	63	0.2	42	ME	0.1049	0.0046	-0.2864	0.0528	discard
130	63	63	0.2	63	W-FRI	0.3332	0.0287	-0.1762	0.1237	discard
131	63	63	0.2	63	ME	0.11	0.0052	-0.2779	0.0526	discard
132	63	63	0.3	21	W-FRI	0.2617	0.0194	-0.1924	0.0581	discard
133	63	63	0.3	21	ME	0.1853	0.0135	-0.2279	0.0246	discard
134	63	63	0.3	42	W-FRI	0.248	0.0182	-0.1984	0.0578	discard
135	63	63	0.3	42	ME	0.1818	0.0131	-0.2297	0.0246	discard
136	63	63	0.3	63	W-FRI	0.2532	0.0187	-0.1995	0.0575	discard
137	63	63	0.3	63	ME	0.2003	0.0152	-0.2307	0.0245	discard
138	63	63	0.4	21	W-FRI	-0.4784	-0.0386	-0.4554	0.0194	discard
139	63	63	0.4	21	ME	-0.3335	-0.0292	-0.435	0.008	discard
140	63	63	0.4	42	W-FRI	-0.4805	-0.0389	-0.4571	0.0194	discard
141	63	63	0.4	42	ME	-0.3335	-0.0292	-0.435	0.008	discard
142	63	63	0.4	63	W-FRI	-0.4812	-0.0389	-0.4572	0.0194	discard
143	63	63	0.4	63	ME	-0.3335	-0.0292	-0.435	0.008	discard
144	126	21	0.0	21	W-FRI	0.2891	0.0178	-0.1512	0.0511	discard
145	126	21	0.0	21	ME	0.309	0.0192	-0.2215	0.0249	discard
146	126	21	0.0	42	W-FRI	0.2798	0.0167	-0.1515	0.0428	discard
147	126	21	0.0	42	ME	0.3047	0.0183	-0.2284	0.0212	discard
148	126	21	0.0	63	W-FRI	0.2694	0.016	-0.1392	0.0405	discard
149	126	21	0.0	63	ME	0.3032	0.0184	-0.2183	0.02	discard
150	126	21	0.2	21	W-FRI	0.2095	0.0147	-0.2471	0.2184	discard
151	126	21	0.2	21	ME	0.3055	0.0235	-0.31	0.0706	discard
152	126	21	0.2	42	W-FRI	0.1797	0.0118	-0.2547	0.2174	discard
153	126	21	0.2	42	ME	0.3186	0.0248	-0.3064	0.0705	discard
154	126	21	0.2	63	W-FRI	0.1961	0.0133	-0.2453	0.218	discard
155	126	21	0.2	63	ME	0.3176	0.0246	-0.3131	0.0704	discard
156	126	21	0.3	21	W-FRI	0.5436	0.0494	-0.1859	0.2034	discard
157	126	21	0.3	21	ME	0.4404	0.038	-0.2859	0.0751	discard
158	126	21	0.3	42	W-FRI	0.5164	0.0464	-0.2064	0.2027	discard
159	126	21	0.3	42	ME	0.4513	0.0393	-0.2753	0.0752	discard
160	126	21	0.3	63	W-FRI	0.5418	0.0489	-0.1923	0.2023	discard
161	126	21	0.3	63	ME	0.4495	0.039	-0.2859	0.0751	discard
162	126	21	0.4	21	W-FRI	-0.0198	-0.0085	-0.3428	0.151	discard
163	126	21	0.4	21	ME	0.0619	0.0005	-0.3094	0.0551	discard
164	126	21	0.4	42	W-FRI	-0.0539	-0.0121	-0.3457	0.1513	discard
165	126	21	0.4	42	ME	0.0743	0.0017	-0.3038	0.0549	discard
166	126	21	0.4	63	W-FRI	-0.054	-0.0121	-0.3448	0.151	discard
167	126	21	0.4	63	ME	0.0648	0.0008	-0.3048	0.0548	discard
168	126	42	0.0	21	W-FRI	0.2891	0.0178	-0.1512	0.0511	discard
169	126	42	0.0	21	ME	0.309	0.0192	-0.2215	0.0249	discard
170	126	42	0.0	42	W-FRI	0.2798	0.0167	-0.1515	0.0428	discard
171	126	42	0.0	42	ME	0.3047	0.0183	-0.2284	0.0212	discard
172	126	42	0.0	63	W-FRI	0.2694	0.016	-0.1392	0.0405	discard
173	126	42	0.0	63	ME	0.3032	0.0184	-0.2183	0.02	discard
174	126	42	0.2	21	W-FRI	0.4874	0.0464	-0.2602	0.1685	discard
175	126	42	0.2	21	ME	0.1169	0.0059	-0.2474	0.064	discard
176	126	42	0.2	42	W-FRI	0.4567	0.0428	-0.2611	0.1663	discard
177	126	42	0.2	42	ME	0.1035	0.0045	-0.2473	0.0637	discard
178	126	42	0.2	63	W-FRI	0.4565	0.0426	-0.261	0.1657	discard
179	126	42	0.2	63	ME	0.1173	0.006	-0.2438	0.0632	discard
180	126	42	0.3	21	W-FRI	0.542	0.0529	-0.2199	0.1155	discard
181	126	42	0.3	21	ME	0.8974	0.0832	-0.2269	0.0408	keep
182	126	42	0.3	42	W-FRI	0.5213	0.0505	-0.2201	0.1141	discard
183	126	42	0.3	42	ME	0.8806	0.0816	-0.2263	0.0406	discard
184	126	42	0.3	63	W-FRI	0.53	0.0515	-0.219	0.1137	discard
185	126	42	0.3	63	ME	0.8895	0.0825	-0.226	0.0405	discard
186	126	42	0.4	21	W-FRI	0.4366	0.0364	-0.2771	0.0502	discard
187	126	42	0.4	21	ME	0.3798	0.0323	-0.2953	0.0168	discard
188	126	42	0.4	42	W-FRI	0.4056	0.0334	-0.2776	0.0502	discard
189	126	42	0.4	42	ME	0.3767	0.032	-0.2953	0.0168	discard
190	126	42	0.4	63	W-FRI	0.4045	0.0333	-0.2781	0.0501	discard
191	126	42	0.4	63	ME	0.3781	0.0321	-0.2953	0.0168	discard
192	126	63	0.0	21	W-FRI	0.2891	0.0178	-0.1512	0.0511	discard
193	126	63	0.0	21	ME	0.309	0.0192	-0.2215	0.0249	discard
194	126	63	0.0	42	W-FRI	0.2798	0.0167	-0.1515	0.0428	discard
195	126	63	0.0	42	ME	0.3047	0.0183	-0.2284	0.0212	discard
196	126	63	0.0	63	W-FRI	0.2694	0.016	-0.1392	0.0405	discard
197	126	63	0.0	63	ME	0.3032	0.0184	-0.2183	0.02	discard
198	126	63	0.2	21	W-FRI	0.4554	0.0412	-0.1529	0.1263	discard
199	126	63	0.2	21	ME	0.0268	-0.0039	-0.3435	0.0537	discard
200	126	63	0.2	42	W-FRI	0.4428	0.0398	-0.1522	0.125	discard
201	126	63	0.2	42	ME	0.0323	-0.0033	-0.3537	0.0533	discard
202	126	63	0.2	63	W-FRI	0.4454	0.04	-0.1535	0.1237	discard
203	126	63	0.2	63	ME	0.0367	-0.0028	-0.345	0.0531	discard
204	126	63	0.3	21	W-FRI	0.2617	0.0194	-0.1924	0.0581	discard
205	126	63	0.3	21	ME	0.1853	0.0135	-0.2279	0.0246	discard
206	126	63	0.3	42	W-FRI	0.248	0.0182	-0.1984	0.0578	discard
207	126	63	0.3	42	ME	0.1818	0.0131	-0.2297	0.0246	discard
208	126	63	0.3	63	W-FRI	0.2532	0.0187	-0.1995	0.0575	discard
209	126	63	0.3	63	ME	0.2003	0.0152	-0.2307	0.0245	discard
210	126	63	0.4	21	W-FRI	-0.4784	-0.0386	-0.4554	0.0194	discard
211	126	63	0.4	21	ME	-0.3335	-0.0292	-0.435	0.008	discard
212	126	63	0.4	42	W-FRI	-0.4805	-0.0389	-0.4571	0.0194	discard
213	126	63	0.4	42	ME	-0.3335	-0.0292	-0.435	0.008	discard
214	126	63	0.4	63	W-FRI	-0.4812	-0.0389	-0.4572	0.0194	discard
215	126	63	0.4	63	ME	-0.3335	-0.0292	-0.435	0.008	discard
216	189	21	0.0	21	W-FRI	0.242	0.0143	-0.1987	0.043	discard
217	189	21	0.0	21	ME	0.282	0.0169	-0.2032	0.0219	discard
218	189	21	0.0	42	W-FRI	0.2054	0.0114	-0.2115	0.0354	discard
219	189	21	0.0	42	ME	0.2634	0.0151	-0.2102	0.0182	discard
220	189	21	0.0	63	W-FRI	0.1998	0.0111	-0.2015	0.0331	discard
221	189	21	0.0	63	ME	0.2546	0.0147	-0.2013	0.017	discard
222	189	21	0.2	21	W-FRI	-0.0215	-0.007	-0.3153	0.2083	discard
223	189	21	0.2	21	ME	0.1393	0.0079	-0.3396	0.0698	discard
224	189	21	0.2	42	W-FRI	-0.0591	-0.0103	-0.3174	0.2075	discard
225	189	21	0.2	42	ME	0.1327	0.0073	-0.3386	0.0696	discard
226	189	21	0.2	63	W-FRI	-0.0666	-0.011	-0.3179	0.2082	discard
227	189	21	0.2	63	ME	0.1254	0.0066	-0.3438	0.0697	discard
228	189	21	0.3	21	W-FRI	0.3173	0.0259	-0.2221	0.1968	discard
229	189	21	0.3	21	ME	0.2775	0.0215	-0.3403	0.073	discard
230	189	21	0.3	42	W-FRI	0.2811	0.0223	-0.2428	0.1961	discard
231	189	21	0.3	42	ME	0.2661	0.0204	-0.3349	0.073	discard
232	189	21	0.3	63	W-FRI	0.2955	0.0237	-0.2292	0.196	discard
233	189	21	0.3	63	ME	0.2661	0.0204	-0.3429	0.073	discard
234	189	21	0.4	21	W-FRI	0.1225	0.0065	-0.289	0.1489	discard
235	189	21	0.4	21	ME	-0.1196	-0.017	-0.3646	0.054	discard
236	189	21	0.4	42	W-FRI	0.0801	0.0022	-0.3153	0.1492	discard
237	189	21	0.4	42	ME	-0.1156	-0.0166	-0.3591	0.0539	discard
238	189	21	0.4	63	W-FRI	0.0759	0.0017	-0.3204	0.149	discard
239	189	21	0.4	63	ME	-0.1235	-0.0174	-0.3613	0.0538	discard
240	189	42	0.0	21	W-FRI	0.242	0.0143	-0.1987	0.043	discard
241	189	42	0.0	21	ME	0.282	0.0169	-0.2032	0.0219	discard
242	189	42	0.0	42	W-FRI	0.2054	0.0114	-0.2115	0.0354	discard
243	189	42	0.0	42	ME	0.2634	0.0151	-0.2102	0.0182	discard
244	189	42	0.0	63	W-FRI	0.1998	0.0111	-0.2015	0.0331	discard
245	189	42	0.0	63	ME	0.2546	0.0147	-0.2013	0.017	discard
246	189	42	0.2	21	W-FRI	0.5737	0.0548	-0.2887	0.1645	discard
247	189	42	0.2	21	ME	0.0104	-0.0053	-0.3305	0.0629	discard
248	189	42	0.2	42	W-FRI	0.5387	0.0508	-0.2896	0.1624	discard
249	189	42	0.2	42	ME	-0.0124	-0.0075	-0.3216	0.0626	discard
250	189	42	0.2	63	W-FRI	0.5365	0.0504	-0.2947	0.1621	discard
251	189	42	0.2	63	ME	0.0071	-0.0055	-0.319	0.0622	discard
252	189	42	0.3	21	W-FRI	0.5837	0.0569	-0.236	0.1125	discard
253	189	42	0.3	21	ME	0.6288	0.0559	-0.2488	0.0401	discard
254	189	42	0.3	42	W-FRI	0.5611	0.0543	-0.2325	0.1111	discard
255	189	42	0.3	42	ME	0.6121	0.0543	-0.2488	0.0399	discard
256	189	42	0.3	63	W-FRI	0.5688	0.0552	-0.2305	0.1108	discard
257	189	42	0.3	63	ME	0.6203	0.055	-0.2496	0.0398	discard
258	189	42	0.4	21	W-FRI	0.389	0.0316	-0.2695	0.0495	discard
259	189	42	0.4	21	ME	0.2195	0.0161	-0.2953	0.0169	discard
260	189	42	0.4	42	W-FRI	0.3579	0.0287	-0.2697	0.0494	discard
261	189	42	0.4	42	ME	0.2155	0.0157	-0.2953	0.0169	discard
262	189	42	0.4	63	W-FRI	0.3597	0.0289	-0.2698	0.0494	discard
263	189	42	0.4	63	ME	0.2163	0.0158	-0.2953	0.0169	discard
264	189	63	0.0	21	W-FRI	0.242	0.0143	-0.1987	0.043	discard
265	189	63	0.0	21	ME	0.282	0.0169	-0.2032	0.0219	discard
266	189	63	0.0	42	W-FRI	0.2054	0.0114	-0.2115	0.0354	discard
267	189	63	0.0	42	ME	0.2634	0.0151	-0.2102	0.0182	discard
268	189	63	0.0	63	W-FRI	0.1998	0.0111	-0.2015	0.0331	discard
269	189	63	0.0	63	ME	0.2546	0.0147	-0.2013	0.017	discard
270	189	63	0.2	21	W-FRI	0.2928	0.024	-0.1989	0.1256	discard
271	189	63	0.2	21	ME	0.1357	0.008	-0.301	0.0535	discard
272	189	63	0.2	42	W-FRI	0.2787	0.0225	-0.2016	0.1244	discard
273	189	63	0.2	42	ME	0.1402	0.0084	-0.3033	0.0531	discard
274	189	63	0.2	63	W-FRI	0.276	0.0222	-0.2052	0.1232	discard
275	189	63	0.2	63	ME	0.1444	0.0089	-0.2957	0.0529	discard
276	189	63	0.3	21	W-FRI	0.2341	0.0168	-0.1924	0.0588	discard
277	189	63	0.3	21	ME	0.1518	0.0098	-0.2279	0.025	discard
278	189	63	0.3	42	W-FRI	0.2216	0.0157	-0.1984	0.0586	discard
279	189	63	0.3	42	ME	0.1488	0.0095	-0.2297	0.0249	discard
280	189	63	0.3	63	W-FRI	0.2279	0.0163	-0.1995	0.0582	discard
281	189	63	0.3	63	ME	0.167	0.0115	-0.2307	0.0249	discard
282	189	63	0.4	21	W-FRI	-0.4784	-0.0386	-0.4554	0.0194	discard
283	189	63	0.4	21	ME	-0.3335	-0.0292	-0.435	0.008	discard
284	189	63	0.4	42	W-FRI	-0.4805	-0.0389	-0.4571	0.0194	discard
285	189	63	0.4	42	ME	-0.3335	-0.0292	-0.435	0.008	discard
286	189	63	0.4	63	W-FRI	-0.4812	-0.0389	-0.4572	0.0194	discard
287	189	63	0.4	63	ME	-0.3335	-0.0292	-0.435	0.008	discard
288	252	21	0.0	21	W-FRI	-0.0108	-0.0033	-0.2199	0.0439	discard
289	252	21	0.0	21	ME	0.0173	-0.0013	-0.1997	0.022	discard
290	252	21	0.0	42	W-FRI	-0.0244	-0.004	-0.2311	0.036	discard
291	252	21	0.0	42	ME	-0.0048	-0.0026	-0.2036	0.0181	discard
292	252	21	0.0	63	W-FRI	-0.0346	-0.0047	-0.2233	0.0338	discard
293	252	21	0.0	63	ME	-0.0282	-0.0041	-0.2096	0.017	discard
294	252	21	0.2	21	W-FRI	-0.0876	-0.0125	-0.3573	0.2054	discard
295	252	21	0.2	21	ME	0.1452	0.0082	-0.2645	0.0683	discard
296	252	21	0.2	42	W-FRI	-0.1082	-0.0141	-0.3661	0.2043	discard
297	252	21	0.2	42	ME	0.1521	0.0089	-0.2614	0.068	discard
298	252	21	0.2	63	W-FRI	-0.1081	-0.0141	-0.3606	0.2047	discard
299	252	21	0.2	63	ME	0.128	0.0068	-0.2665	0.068	discard
300	252	21	0.3	21	W-FRI	0.1403	0.0083	-0.3151	0.1937	discard
301	252	21	0.3	21	ME	0.2526	0.0188	-0.2441	0.0721	discard
302	252	21	0.3	42	W-FRI	0.1116	0.0054	-0.307	0.1931	discard
303	252	21	0.3	42	ME	0.267	0.0202	-0.2346	0.0722	discard
304	252	21	0.3	63	W-FRI	0.1081	0.0051	-0.3188	0.1931	discard
305	252	21	0.3	63	ME	0.2666	0.0201	-0.2328	0.0721	discard
306	252	21	0.4	21	W-FRI	0.3324	0.0281	-0.2689	0.1444	discard
307	252	21	0.4	21	ME	0.009	-0.0047	-0.289	0.0529	discard
308	252	21	0.4	42	W-FRI	0.2981	0.0246	-0.2688	0.1446	discard
309	252	21	0.4	42	ME	0.0054	-0.0051	-0.287	0.0529	discard
310	252	21	0.4	63	W-FRI	0.2876	0.0235	-0.2717	0.1446	discard
311	252	21	0.4	63	ME	-0.0011	-0.0057	-0.2887	0.0529	discard
312	252	42	0.0	21	W-FRI	-0.0108	-0.0033	-0.2199	0.0439	discard
313	252	42	0.0	21	ME	0.0173	-0.0013	-0.1997	0.022	discard
314	252	42	0.0	42	W-FRI	-0.0244	-0.004	-0.2311	0.036	discard
315	252	42	0.0	42	ME	-0.0048	-0.0026	-0.2036	0.0181	discard
316	252	42	0.0	63	W-FRI	-0.0346	-0.0047	-0.2233	0.0338	discard
317	252	42	0.0	63	ME	-0.0282	-0.0041	-0.2096	0.017	discard
318	252	42	0.2	21	W-FRI	0.4134	0.0369	-0.2957	0.1681	discard
319	252	42	0.2	21	ME	0.0241	-0.0038	-0.2832	0.0625	discard
320	252	42	0.2	42	W-FRI	0.3771	0.033	-0.291	0.1663	discard
321	252	42	0.2	42	ME	0.0007	-0.0061	-0.2938	0.0622	discard
322	252	42	0.2	63	W-FRI	0.3746	0.0326	-0.2964	0.1658	discard
323	252	42	0.2	63	ME	0.0116	-0.005	-0.2827	0.0617	discard
324	252	42	0.3	21	W-FRI	0.6516	0.0645	-0.2099	0.1115	discard
325	252	42	0.3	21	ME	0.4046	0.033	-0.2666	0.04	discard
326	252	42	0.3	42	W-FRI	0.6261	0.0616	-0.2117	0.11	discard
327	252	42	0.3	42	ME	0.3926	0.0319	-0.2662	0.0399	discard
328	252	42	0.3	63	W-FRI	0.628	0.0618	-0.21	0.1099	discard
329	252	42	0.3	63	ME	0.4023	0.0328	-0.2655	0.0398	discard
330	252	42	0.4	21	W-FRI	0.4537	0.0376	-0.2576	0.0453	discard
331	252	42	0.4	21	ME	0.2838	0.0225	-0.2953	0.0161	discard
332	252	42	0.4	42	W-FRI	0.4214	0.0346	-0.2576	0.0452	discard
333	252	42	0.4	42	ME	0.2818	0.0223	-0.2953	0.0161	discard
334	252	42	0.4	63	W-FRI	0.4218	0.0346	-0.2576	0.0451	discard
335	252	42	0.4	63	ME	0.2858	0.0227	-0.2953	0.0161	discard
336	252	63	0.0	21	W-FRI	-0.0108	-0.0033	-0.2199	0.0439	discard
337	252	63	0.0	21	ME	0.0173	-0.0013	-0.1997	0.022	discard
338	252	63	0.0	42	W-FRI	-0.0244	-0.004	-0.2311	0.036	discard
339	252	63	0.0	42	ME	-0.0048	-0.0026	-0.2036	0.0181	discard
340	252	63	0.0	63	W-FRI	-0.0346	-0.0047	-0.2233	0.0338	discard
341	252	63	0.0	63	ME	-0.0282	-0.0041	-0.2096	0.017	discard
342	252	63	0.2	21	W-FRI	0.3701	0.0318	-0.1768	0.1285	discard
343	252	63	0.2	21	ME	-0.0255	-0.0092	-0.385	0.0516	discard
344	252	63	0.2	42	W-FRI	0.365	0.0312	-0.1737	0.1273	discard
345	252	63	0.2	42	ME	-0.0123	-0.0077	-0.3918	0.0513	discard
346	252	63	0.2	63	W-FRI	0.3625	0.0309	-0.1743	0.1263	discard
347	252	63	0.2	63	ME	-0.0079	-0.0072	-0.3844	0.0511	discard
348	252	63	0.3	21	W-FRI	0.2165	0.0151	-0.1924	0.0571	discard
349	252	63	0.3	21	ME	0.0558	-0.0008	-0.2866	0.024	discard
350	252	63	0.3	42	W-FRI	0.1993	0.0136	-0.1984	0.0568	discard
351	252	63	0.3	42	ME	0.0526	-0.0011	-0.2886	0.024	discard
352	252	63	0.3	63	W-FRI	0.2031	0.0139	-0.1995	0.0565	discard
353	252	63	0.3	63	ME	0.068	0.0006	-0.2737	0.024	discard
354	252	63	0.4	21	W-FRI	-0.5486	-0.0435	-0.4567	0.0197	discard
355	252	63	0.4	21	ME	-0.426	-0.0359	-0.435	0.008	discard
356	252	63	0.4	42	W-FRI	-0.5513	-0.0438	-0.4581	0.0197	discard
357	252	63	0.4	42	ME	-0.426	-0.0359	-0.435	0.008	discard
358	252	63	0.4	63	W-FRI	-0.5527	-0.0439	-0.4581	0.0197	discard
359	252	63	0.4	63	ME	-0.426	-0.0359	-0.435	0.008	discard
